City_ID,City,Country,Date,Lat,Lng,Max Temp,Humidity,Cloudiness,Wind Speed
0,Newport,GB,2022-04-09 04:32:49,51.5877,-2.9984,38.53,78,2,7.18
1,Chuy,UY,2022-04-09 04:36:28,-33.6971,-53.4616,63.41,94,2,4.07
2,Saint-Philippe,RE,2022-04-09 04:30:35,-21.3585,55.7679,80.22,84,57,10.83
3,Punta Arenas,CL,2022-04-09 04:30:40,-53.15,-70.9167,41.11,87,20,6.91
4,Coihaique,CL,2022-04-09 04:36:28,-45.5752,-72.0662,40.95,100,0,1.14
5,Bathsheba,BB,2022-04-09 04:36:28,13.2167,-59.5167,75.81,83,75,25.32
6,San Cristobal,VE,2022-04-09 04:36:29,7.7669,-72.225,69.98,84,94,2.04
7,Dikson,RU,2022-04-09 04:34:57,73.5069,80.5464,9.88,88,99,7.92
8,Kaitangata,NZ,2022-04-09 04:36:29,-46.2817,169.8464,60.15,63,23,9.13
9,Conde,BR,2022-04-09 04:36:29,-7.2597,-34.9075,76.46,94,20,4.61
10,Ilheus,BR,2022-04-09 04:36:30,-14.7889,-39.0494,74.28,86,53,2.13
11,Lompoc,US,2022-04-09 04:32:31,34.6391,-120.4579,60.94,85,0,3.44
12,Devitsa,RU,2022-04-09 04:36:30,51.6352,38.945,46.89,78,83,8.97
13,Ushuaia,AR,2022-04-09 04:34:55,-54.8,-68.3,38.86,87,0,4.61
14,Gasa,PS,2022-04-09 04:34:07,31.5,34.4667,60.42,80,0,3.49
15,Show Low,US,2022-04-09 04:33:53,34.2542,-110.0298,55.15,26,0,8.05
16,Urubamba,PE,2022-04-09 04:36:31,-13.3047,-72.1158,61.7,84,100,4.03
17,Darhan,MN,2022-04-09 04:36:31,49.4867,105.9228,58.28,33,99,18.92
18,Nanma,CN,2022-04-09 04:36:31,36.1817,118.1583,82.99,27,98,21.32
19,Havre-Saint-Pierre,CA,2022-04-09 04:35:25,50.2334,-63.5986,32.36,93,100,23.02
20,Bengkulu,ID,2022-04-09 04:36:31,-3.8004,102.2655,84.09,65,65,6.58
21,Tuzha,RU,2022-04-09 04:36:32,57.6062,47.936,39.51,94,76,11.03
22,Qaanaaq,GL,2022-04-09 04:36:32,77.484,-69.3632,-6.97,65,0,7.4
23,Erzin,TR,2022-04-09 04:36:32,36.9559,36.2,60.26,82,39,4.03
24,Carutapera,BR,2022-04-09 04:36:33,-1.195,-46.02,74.66,95,96,2.13
25,Avarua,CK,2022-04-09 04:34:50,-21.2078,-159.775,82.45,83,40,13.8
26,Ilulissat,GL,2022-04-09 04:36:33,69.2167,-51.1,12.22,79,40,9.22
27,Busselton,AU,2022-04-09 04:35:22,-33.65,115.3333,63.7,45,69,10.71
28,Bambous Virieux,MU,2022-04-09 04:35:01,-20.3428,57.7575,81.21,88,40,8.05
29,Kununurra,AU,2022-04-09 04:36:33,-15.7667,128.7333,98.58,16,78,4.61
30,Sawtell,AU,2022-04-09 04:36:34,-30.3833,153.1,71.19,88,100,4.61
31,Springbok,ZA,2022-04-09 04:36:34,-29.6643,17.8865,56.91,36,0,11.01
32,Nemuro,JP,2022-04-09 04:36:34,43.3236,145.575,39.79,85,98,22.08
33,Iqaluit,CA,2022-04-09 04:36:35,63.7506,-68.5145,-3.39,95,42,3.33
34,Kota Kinabalu,MY,2022-04-09 04:36:35,5.9749,116.0724,82.38,78,40,16.11
35,Burnie,AU,2022-04-09 04:36:35,-41.0667,145.9167,68.92,91,87,12.28
36,Kruisfontein,ZA,2022-04-09 04:36:35,-34.0033,24.7314,57.88,87,94,7.43
37,Faanui,PF,2022-04-09 04:36:36,-16.4833,-151.75,82.81,72,91,17.36
38,Vaini,TO,2022-04-09 04:36:36,-21.2,-175.2,84.36,79,75,1.14
39,Hermanus,ZA,2022-04-09 04:33:23,-34.4187,19.2345,58.8,80,22,21.27
40,Hilo,US,2022-04-09 04:31:55,19.7297,-155.09,72.25,83,100,5.75
41,Channel-Port Aux Basques,CA,2022-04-09 04:36:36,47.5702,-59.1367,35.29,94,84,29.51
42,New Norfolk,AU,2022-04-09 04:35:28,-42.7826,147.0587,76.87,39,23,1.99
43,Sao Filipe,CV,2022-04-09 04:36:37,14.8961,-24.4956,75.22,64,14,8.86
44,Richards Bay,ZA,2022-04-09 04:36:37,-28.783,32.0377,64.53,92,100,1.61
45,Bredasdorp,ZA,2022-04-09 04:35:22,-34.5322,20.0403,58.32,78,28,17.18
46,Ouesso,CG,2022-04-09 04:37:38,1.6136,16.0517,68.13,93,100,1.21
47,Cabo San Lucas,MX,2022-04-09 04:37:38,22.8909,-109.9124,74.61,72,12,9.69
48,Albany,US,2022-04-09 04:32:54,42.6001,-73.9662,45.91,82,86,0.94
49,Hobyo,SO,2022-04-09 04:37:38,5.3505,48.5268,83.73,71,64,11.18
50,Pochutla,MX,2022-04-09 04:37:39,15.7432,-96.4661,77.83,73,100,2.44
51,Bluff,NZ,2022-04-09 04:35:25,-46.6,168.3333,57.67,73,80,21.92
52,Bentiu,SS,2022-04-09 04:37:39,9.2333,29.8333,88.36,35,47,4.65
53,Birao,CF,2022-04-09 04:37:39,10.2849,22.7882,78.93,40,5,3.71
54,Barrow,US,2022-04-09 04:37:40,71.2906,-156.7887,1.42,71,100,12.66
55,Saint John,CA,2022-04-09 04:34:19,45.2727,-66.0677,46.18,100,100,9.22
56,Kapaa,US,2022-04-09 04:37:40,22.0752,-159.319,78.78,83,20,16.11
57,Arraial Do Cabo,BR,2022-04-09 04:37:40,-22.9661,-42.0278,75.29,87,88,15.3
58,Kodiak,US,2022-04-09 04:37:41,57.79,-152.4072,29.71,47,75,13.8
59,Palmer,US,2022-04-09 04:34:16,42.1584,-72.3287,47.57,83,20,0.0
60,Rikitea,PF,2022-04-09 04:35:32,-23.1203,-134.9692,79.18,74,5,16.75
61,Jamestown,US,2022-04-09 04:30:34,42.097,-79.2353,39.72,77,100,5.75
62,Aquiraz,BR,2022-04-09 04:37:41,-3.9014,-38.3911,77.09,89,99,6.2
63,Tasiilaq,GL,2022-04-09 04:37:41,65.6145,-37.6368,19.56,96,100,2.84
64,Murray Bridge,AU,2022-04-09 04:37:42,-35.1167,139.2667,83.82,35,1,10.67
65,Labuhan,ID,2022-04-09 04:37:42,-6.8844,112.2051,86.77,63,78,4.7
66,Varena,LT,2022-04-09 04:37:42,54.2167,24.5667,37.13,87,84,5.86
67,Marzuq,YE,2022-04-09 04:37:43,14.4,46.4667,75.83,16,0,3.44
68,Hanna,CA,2022-04-09 04:37:25,51.6334,-111.9018,50.86,34,61,17.0
69,Marienburg,PL,2022-04-09 04:37:43,54.0359,19.0266,38.12,83,97,9.64
70,Khatanga,RU,2022-04-09 04:37:43,71.9667,102.5,17.35,90,63,5.21
71,Ribeira Grande,PT,2022-04-09 04:35:30,38.5167,-28.7,57.56,68,21,35.54
72,Lebu,CL,2022-04-09 04:35:30,-37.6167,-73.65,51.96,89,34,3.6
73,Sitka,US,2022-04-09 04:37:44,57.0531,-135.33,39.09,70,75,13.8
74,Tuktoyaktuk,CA,2022-04-09 04:37:44,69.4541,-133.0374,6.8,85,40,20.71
75,Cape Town,ZA,2022-04-09 04:37:44,-33.9258,18.4232,59.92,72,0,8.99
76,Hamilton,US,2022-04-09 04:37:45,39.1834,-84.5333,39.88,84,100,12.66
77,Atagay,RU,2022-04-09 04:37:45,55.1033,99.3875,42.33,66,100,9.64
78,Deville-Les-Rouen,FR,2022-04-09 04:37:45,49.4694,1.0521,37.81,94,100,5.75
79,Yenagoa,NG,2022-04-09 04:37:45,4.9247,6.2642,77.88,92,100,5.97
80,Novoagansk,RU,2022-04-09 04:37:46,61.9449,76.6625,10.0,79,19,8.57
81,Ponta Delgada,PT,2022-04-09 04:37:46,37.7333,-25.6667,59.72,94,75,24.16
82,Emmen,NL,2022-04-09 04:37:46,52.7792,6.9069,38.77,91,47,10.0
83,Mataura,NZ,2022-04-09 04:37:47,-46.1927,168.8643,57.51,71,44,6.49
84,Touros,BR,2022-04-09 04:37:47,-5.1989,-35.4608,78.55,86,92,11.54
85,Dambulla,LK,2022-04-09 04:37:47,7.86,80.6517,87.21,52,60,6.08
86,Hobart,AU,2022-04-09 04:33:33,-42.8794,147.3294,76.23,48,40,13.8
87,Talmenka,RU,2022-04-09 04:37:48,53.8183,83.5677,35.82,80,94,11.7
88,Grindavik,IS,2022-04-09 04:37:29,63.8424,-22.4338,30.67,69,0,8.05
89,Poltavka,RU,2022-04-09 04:37:48,54.3663,71.7632,40.1,60,11,5.91
90,Lavrentiya,RU,2022-04-09 04:37:48,65.5833,-171.0,0.63,93,99,5.37
91,Torbay,CA,2022-04-09 04:35:28,47.6666,-52.7314,30.27,90,100,3.44
92,Mitsamiouli,KM,2022-04-09 04:38:49,-11.3847,43.2844,80.89,74,20,5.75
93,Novaya Ladoga,RU,2022-04-09 04:38:49,60.1025,32.3019,33.4,88,98,11.07
94,Kaiyuan,CN,2022-04-09 04:38:49,23.6977,103.3037,79.48,35,6,8.34
95,Bjornevatn,NO,2022-04-09 04:38:50,69.6672,29.9847,32.34,93,100,14.97
96,Port Blair,IN,2022-04-09 04:38:50,11.6667,92.75,86.54,63,11,6.76
97,Nagorsk,RU,2022-04-09 04:38:50,59.3172,50.8078,36.81,99,100,7.74
98,Tazovskiy,RU,2022-04-09 04:38:50,67.4667,78.7,-0.11,93,83,9.84
99,Yellowknife,CA,2022-04-09 04:38:51,62.456,-114.3525,33.42,91,75,16.11
100,Boulsa,BF,2022-04-09 04:38:51,12.6675,-0.5758,86.81,39,6,9.24
101,Monrovia,LR,2022-04-09 04:38:51,6.3005,-10.7969,80.04,91,99,4.7
102,Namatanai,PG,2022-04-09 04:38:52,-3.6667,152.4333,83.37,69,100,7.36
103,Tual,ID,2022-04-09 04:38:52,-5.6667,132.75,84.0,71,96,12.17
104,Longyearbyen,SJ,2022-04-09 04:35:58,78.2186,15.6401,17.44,86,75,14.97
105,Atuona,PF,2022-04-09 04:38:52,-9.8,-139.0333,79.75,79,37,18.39
106,Saint-Augustin,CA,2022-04-09 04:38:53,51.226,-58.6502,29.91,94,100,13.29
107,Stellenbosch,ZA,2022-04-09 04:35:52,-33.9346,18.8668,58.64,70,0,8.05
108,Sao Luiz Gonzaga,BR,2022-04-09 04:38:53,-28.4083,-54.9608,62.82,95,28,5.64
109,Arman,RU,2022-04-09 04:38:53,59.7,150.1667,32.02,76,95,6.15
110,Upernavik,GL,2022-04-09 04:38:54,72.7868,-56.1549,7.2,96,100,6.53
111,Tyup,KG,2022-04-09 04:38:54,42.7276,78.3648,59.02,43,82,4.27
112,Vila Franca Do Campo,PT,2022-04-09 04:38:54,37.7167,-25.4333,59.41,89,96,19.35
113,Hithadhoo,MV,2022-04-09 04:35:33,-0.6,73.0833,83.41,68,88,7.49
114,Codrington,AU,2022-04-09 04:38:54,-38.2667,141.9667,76.03,47,67,14.83
115,Bethel,US,2022-04-09 04:35:44,41.3712,-73.414,48.65,75,0,0.0
116,Isangel,VU,2022-04-09 04:36:13,-19.55,169.2667,83.44,76,100,10.74
117,East London,ZA,2022-04-09 04:35:28,-33.0153,27.9116,58.14,100,75,4.61
118,Banda Aceh,ID,2022-04-09 04:38:55,5.5577,95.3222,85.19,68,62,4.56
119,Markdale,CA,2022-04-09 04:38:55,44.3168,-80.6497,37.09,94,100,5.61
120,Port Alfred,ZA,2022-04-09 04:35:24,-33.5906,26.891,57.18,96,95,12.08
121,Crotone,IT,2022-04-09 04:38:56,39.0851,17.1178,56.07,58,0,5.61
122,Ostrovnoy,RU,2022-04-09 04:38:56,68.0531,39.5131,33.6,97,100,19.28
123,Ponta Do Sol,PT,2022-04-09 04:38:56,32.6667,-17.1,57.83,73,41,4.36
124,Provideniya,RU,2022-04-09 04:38:48,64.3833,-173.3,6.98,91,93,6.98
125,Gat,IL,2022-04-09 04:38:56,31.61,34.7642,60.4,79,13,3.51
126,Leshukonskoye,RU,2022-04-09 04:38:57,64.8989,45.7622,35.44,93,100,11.72
127,Norman Wells,CA,2022-04-09 04:38:57,65.282,-126.8329,33.84,47,75,3.44
128,Shirokiy,RU,2022-04-09 04:38:57,49.758,129.523,32.05,99,95,5.32
129,Katy,US,2022-04-09 04:34:12,29.7858,-95.8244,61.75,55,0,0.0
130,Sur,OM,2022-04-09 04:36:06,22.5667,59.5289,92.89,33,73,2.62
131,Kenai,US,2022-04-09 04:38:58,60.5544,-151.2583,35.02,69,100,5.75
132,Port Elizabeth,ZA,2022-04-09 04:38:58,-33.918,25.5701,60.1,99,40,2.3
133,Leningradskiy,RU,2022-04-09 04:38:58,69.3833,178.4167,-5.19,88,93,3.27
134,Kaka,TM,2022-04-09 04:38:59,37.3482,59.6143,83.8,17,28,3.96
135,Vaitape,PF,2022-04-09 04:38:59,-16.5167,-151.75,82.89,72,91,17.36
136,Ruteng,ID,2022-04-09 04:38:59,-8.6136,120.4721,77.2,54,51,0.43
137,Ambilobe,MG,2022-04-09 04:38:59,-13.2,49.05,78.82,84,31,2.91
138,Talnakh,RU,2022-04-09 04:39:00,69.4865,88.3972,-0.8,91,94,4.34
139,Banff,CA,2022-04-09 04:39:00,51.1762,-115.5698,38.43,48,77,5.75
140,Cockburn Town,TC,2022-04-09 04:40:01,21.4612,-71.1419,78.19,80,99,21.0
141,Jalu,LY,2022-04-09 04:40:01,29.0331,21.5482,63.45,41,79,6.78
142,Cherskiy,RU,2022-04-09 04:40:01,68.75,161.3,-4.38,86,47,7.85
143,Nanning,CN,2022-04-09 04:40:01,22.8167,108.3167,81.05,33,4,9.62
144,Souillac,MU,2022-04-09 04:35:32,-20.5167,57.5167,77.38,88,40,8.05
145,Bilma,NE,2022-04-09 04:40:02,18.6853,12.9164,79.9,10,4,9.44
146,Keningau,MY,2022-04-09 04:40:02,5.3378,116.1602,81.93,73,99,6.35
147,Andenes,NO,2022-04-09 04:40:02,69.3143,16.1194,33.93,75,100,23.02
148,Taksimo,RU,2022-04-09 04:40:03,56.3444,114.8794,33.42,68,100,2.44
149,Olinda,BR,2022-04-09 04:40:03,-8.0089,-34.8553,76.73,94,75,2.3
150,Skjervoy,NO,2022-04-09 04:40:03,70.0311,20.9714,32.0,77,100,16.26
151,Mae Hong Son,TH,2022-04-09 04:40:04,19.3003,97.9685,84.34,61,20,2.3
152,Kijang,KR,2022-04-09 04:40:04,35.2442,129.2139,73.13,45,0,17.27
153,Awjilah,LY,2022-04-09 04:40:04,29.1081,21.2869,62.78,47,76,7.14
154,Pangnirtung,CA,2022-04-09 04:40:05,66.1451,-65.7125,1.99,93,95,6.15
155,Tuatapere,NZ,2022-04-09 04:40:05,-46.1333,167.6833,58.62,71,26,8.3
156,Huarmey,PE,2022-04-09 04:40:05,-10.0681,-78.1522,68.05,85,97,6.22
157,Redwater,US,2022-04-09 04:40:06,33.3582,-94.2544,52.09,58,0,4.74
158,Rzhev,RU,2022-04-09 04:40:06,56.2624,34.3282,35.85,87,37,6.82
159,Russellville,US,2022-04-09 04:40:06,35.2784,-93.1338,36.18,78,0,0.0
160,Thouars,FR,2022-04-09 04:40:07,46.976,-0.2151,36.52,95,45,7.58
161,Anadyr,RU,2022-04-09 04:40:07,64.75,177.4833,9.1,71,75,4.47
162,Moose Factory,CA,2022-04-09 04:40:07,51.2585,-80.6094,26.6,93,100,10.36
163,Port-Cartier,CA,2022-04-09 04:40:08,50.0334,-66.8654,30.74,99,100,19.66
164,Esmeraldas,BR,2022-04-09 04:36:56,-19.7625,-44.3139,72.46,92,59,2.3
165,Sanlucar De Barrameda,ES,2022-04-09 04:40:08,36.7781,-6.3515,53.71,100,0,1.14
166,Valdivia,CL,2022-04-09 04:40:08,-39.8142,-73.2459,48.29,94,5,0.78
167,Puerto Ayora,EC,2022-04-09 04:35:32,-0.7393,-90.3518,77.36,88,76,2.98
168,Bandar-E Lengeh,IR,2022-04-09 04:40:09,26.5579,54.8807,78.91,73,52,6.91
169,Zhuanghe,CN,2022-04-09 04:40:09,39.7008,122.9911,56.21,69,13,15.05
170,Yar-Sale,RU,2022-04-09 04:40:09,66.8333,70.8333,-0.53,92,92,7.85
171,Cap Malheureux,MU,2022-04-09 04:40:09,-19.9842,57.6142,81.46,81,41,5.99
172,Chokurdakh,RU,2022-04-09 04:40:10,70.6333,147.9167,-8.91,91,7,7.63
173,Cidreira,BR,2022-04-09 04:35:25,-30.1811,-50.2056,67.19,89,100,12.75
174,Nizhniy Odes,RU,2022-04-09 04:40:10,63.6445,54.856,31.86,92,90,9.31
175,Taoudenni,ML,2022-04-09 04:40:11,22.6783,-3.9836,74.8,12,0,16.73
176,Tubuala,PA,2022-04-09 04:40:11,9.5167,-79.0333,79.95,84,100,10.92
177,Ploemeur,FR,2022-04-09 04:40:11,47.7333,-3.4333,43.95,86,0,3.44
178,Puerto Del Rosario,ES,2022-04-09 04:40:11,28.5004,-13.8627,62.35,72,75,12.66
179,Santa Luzia,BR,2022-04-09 04:35:39,-19.7697,-43.8514,72.5,78,0,4.61
180,Fortuna,US,2022-04-09 04:40:12,40.5982,-124.1573,49.93,80,100,13.8
181,Saldanha,ZA,2022-04-09 04:40:12,-33.0117,17.9442,60.85,67,0,15.08
182,Georgetown,MY,2022-04-09 04:40:12,5.4112,100.3354,85.98,75,20,7.0
183,San Patricio,US,2022-04-09 04:40:13,28.017,-97.5169,69.89,60,0,7.52
184,Lata,PT,2022-04-09 04:40:13,40.1629,-8.3327,56.91,99,100,2.71
185,Manono,CD,2022-04-09 04:40:13,-7.3,27.4167,69.01,93,100,3.47
186,Kennewick,US,2022-04-09 04:37:40,46.2113,-119.1372,50.02,52,0,10.0
187,Tabou,CI,2022-04-09 04:41:14,4.423,-7.3528,79.65,86,100,4.47
188,Ayan,RU,2022-04-09 04:41:14,56.45,138.1667,25.88,83,62,3.22
189,Henties Bay,NA,2022-04-09 04:41:14,-22.116,14.2845,60.26,79,0,1.52
190,Balabac,PH,2022-04-09 04:41:15,7.9868,117.0645,80.35,84,99,14.58
191,Manggar,ID,2022-04-09 04:41:15,-2.8833,108.2667,79.79,81,100,6.38
192,Disna,BY,2022-04-09 04:41:15,55.568,28.1971,36.88,87,56,10.33
193,Clyde River,CA,2022-04-09 04:41:07,70.4692,-68.5914,-10.97,77,0,4.61
194,Port Lincoln,AU,2022-04-09 04:41:16,-34.7333,135.8667,75.79,50,0,6.67
195,Kilindoni,TZ,2022-04-09 04:41:16,-7.9139,39.6668,83.35,70,26,6.49
196,Masyaf,SY,2022-04-09 04:41:16,35.0653,36.3406,56.5,85,64,8.79
197,Kutum,SD,2022-04-09 04:41:17,14.2,24.6667,74.19,18,2,2.21
198,Le Port,RE,2022-04-09 04:41:17,-20.9373,55.2919,82.36,61,9,1.63
199,Dese,ET,2022-04-09 04:41:17,11.1333,39.6333,60.93,28,0,3.96
200,Kalmunai,LK,2022-04-09 04:41:18,7.4167,81.8167,85.66,64,76,2.01
201,Altay,CN,2022-04-09 04:37:37,47.8667,88.1167,44.71,70,18,3.76
202,Concordia,AR,2022-04-09 04:41:18,-31.393,-58.0209,62.78,96,0,3.6
203,Klaksvik,FO,2022-04-09 04:41:18,62.2266,-6.589,34.72,64,100,20.45
204,Mar Del Plata,AR,2022-04-09 04:41:19,-38.0023,-57.5575,62.1,94,35,5.01
205,Ratnagiri,IN,2022-04-09 04:41:19,16.9833,73.3,88.97,61,61,8.81
206,Butaritari,KI,2022-04-09 04:41:19,3.0707,172.7902,81.03,81,78,13.8
207,Carnarvon,AU,2022-04-09 04:41:19,-24.8667,113.6333,80.67,57,44,19.57
208,Ilinskiy,RU,2022-04-09 04:41:20,55.619,38.1182,41.72,81,95,7.0
209,Pevek,RU,2022-04-09 04:41:20,69.7008,170.3133,-7.37,86,100,7.52
210,Batagay-Alyta,RU,2022-04-09 04:41:20,67.8006,130.4114,20.08,82,99,4.07
211,Teguldet,RU,2022-04-09 04:41:21,57.3064,88.1667,32.86,98,100,11.32
212,Berlevag,NO,2022-04-09 04:41:21,70.8578,29.0864,33.6,99,100,33.15
213,Zalantun,CN,2022-04-09 04:41:21,48.0,122.7167,59.22,16,63,8.79
214,Benghazi,LY,2022-04-09 04:41:22,32.1167,20.0667,60.44,69,11,4.92
215,Posse,BR,2022-04-09 04:41:22,-14.0931,-46.3694,71.29,53,34,3.71
216,Ouadda,CF,2022-04-09 04:41:22,8.0777,22.4007,70.88,65,92,3.04
217,Yeniseysk,RU,2022-04-09 04:41:23,58.4497,92.1703,36.25,97,100,4.12
218,Antofagasta,CL,2022-04-09 04:41:23,-23.65,-70.4,61.88,81,58,3.8
219,Mitu,CO,2022-04-09 04:41:23,1.1983,-70.1733,72.63,95,56,1.41
220,Lagoa,PT,2022-04-09 04:41:23,39.05,-27.9833,56.84,72,42,36.46
221,Pinhao,BR,2022-04-09 04:41:24,-25.6956,-51.6597,60.31,99,100,1.32
222,Lorengau,PG,2022-04-09 04:41:24,-2.0226,147.2712,76.66,89,100,3.44
223,Vikhorevka,RU,2022-04-09 04:41:24,56.1201,101.1636,40.24,65,100,6.76
224,Aswan,EG,2022-04-09 04:41:25,24.0934,32.907,81.7,22,0,5.75
225,Inhambane,MZ,2022-04-09 04:41:25,-23.865,35.3833,76.46,62,100,16.49
226,Nara,JP,2022-04-09 04:38:22,34.6851,135.8049,75.96,25,0,10.45
227,Brae,GB,2022-04-09 04:41:25,60.3964,-1.353,38.41,61,98,27.31
228,Padang,ID,2022-04-09 04:41:25,-0.9492,100.3543,86.05,61,97,5.84
229,Vanimo,PG,2022-04-09 04:41:26,-2.6741,141.3028,86.9,64,96,6.67
230,Kinablangan,PH,2022-04-09 04:42:26,7.6947,126.5503,85.51,71,82,6.29
231,Luau,AO,2022-04-09 04:42:26,-10.7073,22.2247,64.11,99,100,3.27
232,La Ronge,CA,2022-04-09 04:42:27,55.1001,-105.2842,39.45,56,100,18.41
233,Natal,BR,2022-04-09 04:38:36,-5.795,-35.2094,79.02,94,40,3.44
234,Nome,US,2022-04-09 04:42:27,64.5011,-165.4064,15.87,79,75,0.0
235,Rudsar,IR,2022-04-09 04:42:27,37.1376,50.288,57.18,56,100,0.18
236,Avera,US,2022-04-09 04:42:28,33.194,-82.5271,49.51,63,67,9.64
237,Deputatskiy,RU,2022-04-09 04:42:28,69.3,139.9,-0.06,89,100,5.28
238,Halifax,CA,2022-04-09 04:39:43,44.6453,-63.5724,44.49,97,100,9.22
239,Busembatia,UG,2022-04-09 04:42:28,0.7697,33.6131,71.31,63,90,7.74
240,Tucuma,BR,2022-04-09 04:42:29,-0.1833,-50.05,74.43,97,100,3.56
241,Umm Lajj,SA,2022-04-09 04:42:29,25.0213,37.2685,78.84,59,41,0.34
242,Mounana,GA,2022-04-09 04:42:29,-1.4085,13.1586,69.58,99,100,1.41
243,Kloulklubed,PW,2022-04-09 04:42:30,7.0419,134.2556,82.9,83,100,15.68
244,Nambucca Heads,AU,2022-04-09 04:42:30,-30.65,153.0,73.0,79,94,10.36
245,Nikolskoye,RU,2022-04-09 04:42:30,59.7035,30.7861,37.87,88,63,9.73
246,Batsfjord,NO,2022-04-09 04:42:31,70.6345,29.7185,33.58,93,75,23.02
247,Thunder Bay,CA,2022-04-09 04:42:31,48.4001,-89.3168,35.58,55,75,2.3
248,Rafai,CF,2022-04-09 04:42:31,4.95,23.9167,71.31,79,85,2.89
249,Darvel,GB,2022-04-09 04:42:31,55.6098,-4.2814,36.39,82,60,7.65
250,Mount Gambier,AU,2022-04-09 04:42:32,-37.8333,140.7667,75.11,46,100,14.97
251,Teya,RU,2022-04-09 04:42:32,60.3778,92.6267,32.86,94,100,5.32
252,Yeppoon,AU,2022-04-09 04:42:32,-23.1333,150.7333,74.98,83,100,16.46
253,Muzhi,RU,2022-04-09 04:42:33,65.3667,64.6667,12.22,91,89,5.08
254,Port Keats,AU,2022-04-09 04:42:33,-14.25,129.55,91.65,42,93,4.7
255,The Valley,AI,2022-04-09 04:42:33,18.217,-63.0578,78.66,78,75,13.8
256,Dingle,PH,2022-04-09 04:40:08,10.9995,122.6711,82.15,71,100,5.19
257,Puerto Carreno,CO,2022-04-09 04:40:04,6.189,-67.4859,83.23,64,99,5.77
258,Worland,US,2022-04-09 04:42:34,44.0169,-107.9554,59.88,30,0,6.91
259,Longjiang,CN,2022-04-09 04:42:34,47.3303,123.1836,61.29,16,82,8.59
260,Tiksi,RU,2022-04-09 04:42:34,71.6872,128.8694,0.03,92,100,6.11
261,Kavieng,PG,2022-04-09 04:42:34,-2.5744,150.7967,80.8,80,96,10.11
262,Asau,RO,2022-04-09 04:42:35,46.4333,26.4,47.32,74,96,4.81
263,Poum,NC,2022-04-09 04:42:35,-20.2333,164.0167,81.48,78,96,11.77
264,Lodja,CD,2022-04-09 04:42:35,-3.4833,23.4333,67.75,96,100,2.01
265,Saint-Francois,FR,2022-04-09 04:42:36,46.4154,3.9054,38.68,87,100,6.91
266,Salalah,OM,2022-04-09 04:42:36,17.0151,54.0924,80.69,78,0,1.14
267,Tamayo,DO,2022-04-09 04:42:36,18.3947,-71.2029,74.32,85,47,2.13
268,Lasa,IT,2022-04-09 04:42:37,46.6166,10.7002,49.08,91,75,7.27
269,Hasaki,JP,2022-04-09 04:42:37,35.7333,140.8333,75.29,63,6,24.4
270,Koumac,NC,2022-04-09 04:42:37,-20.5667,164.2833,81.86,75,100,7.56
271,Mushie,CD,2022-04-09 04:42:37,-3.0167,16.9,71.1,96,81,3.09
272,Suamico,US,2022-04-09 04:42:38,44.6319,-88.0393,31.87,91,100,8.05
273,Dunmore Town,BS,2022-04-09 04:42:38,25.5,-76.65,74.82,70,82,9.04
274,Santona,ES,2022-04-09 04:43:38,43.4439,-3.4576,53.08,88,100,6.08
275,Zhezkazgan,KZ,2022-04-09 04:43:39,47.8043,67.7144,48.18,66,0,20.13
276,Narsaq,GL,2022-04-09 04:43:39,60.9167,-46.05,32.22,78,47,3.67
277,Te Anau,NZ,2022-04-09 04:43:39,-45.4167,167.7167,61.41,55,8,1.05
278,Ixtapa,MX,2022-04-09 04:43:40,20.7,-105.2,73.22,83,40,0.0
279,Nanortalik,GL,2022-04-09 04:43:40,60.1432,-45.2371,25.99,87,42,6.33
280,Boddam,GB,2022-04-09 04:43:40,57.4667,-1.7833,34.18,75,99,22.03
281,Victoria,HK,2022-04-09 04:31:21,22.2855,114.1577,78.94,59,0,8.99
282,Shimoda,JP,2022-04-09 04:43:40,34.6667,138.95,68.36,67,0,14.52
283,Arlit,NE,2022-04-09 04:43:41,18.7369,7.3853,81.34,7,0,6.62
284,Guerrero Negro,MX,2022-04-09 04:43:41,27.9769,-114.0611,67.21,57,72,6.51
285,Fort Nelson,CA,2022-04-09 04:41:16,58.8053,-122.7002,38.79,45,75,6.91
286,Meulaboh,ID,2022-04-09 04:43:41,4.1363,96.1285,85.68,63,41,3.94
287,Askino,RU,2022-04-09 04:43:42,56.0901,56.5783,36.41,100,100,6.04
288,Teano,IT,2022-04-09 04:43:42,41.2513,14.0665,54.93,97,100,4.09
289,Esperance,AU,2022-04-09 04:43:42,-33.8667,121.9,62.44,63,79,17.25
290,Vestmanna,FO,2022-04-09 04:43:43,62.1564,-7.1664,32.92,80,100,16.11
291,Thompson,CA,2022-04-09 04:35:27,55.7435,-97.8558,35.76,41,75,3.44
292,Arrecife,ES,2022-04-09 04:43:43,28.963,-13.5477,58.98,82,0,8.05
293,Koslan,RU,2022-04-09 04:43:43,63.4564,48.8989,33.26,98,100,10.49
294,Castro,BR,2022-04-09 04:43:44,-24.7911,-50.0119,62.13,94,96,1.88
295,Cayenne,GF,2022-04-09 04:38:46,4.9333,-52.3333,79.09,1,75,5.01
296,Aljezur,PT,2022-04-09 04:43:44,37.3191,-8.8033,55.27,95,45,3.49
297,Izmir,TR,2022-04-09 04:40:40,38.4622,27.0923,57.15,62,0,9.22
298,Maracaibo,VE,2022-04-09 04:42:07,10.6317,-71.6406,79.83,78,92,10.85
299,Opuwo,NA,2022-04-09 04:43:44,-18.0607,13.84,66.13,53,0,1.86
300,Grand Gaube,MU,2022-04-09 04:43:45,-20.0064,57.6608,81.37,81,44,5.99
301,Jiayuguan,CN,2022-04-09 04:39:09,39.8167,98.3,72.09,7,41,10.65
302,Sobolevo,RU,2022-04-09 04:43:45,54.4299,31.8996,37.22,94,88,5.73
303,Autun,FR,2022-04-09 04:43:45,46.95,4.3,36.03,97,100,3.74
304,Phalodi,IN,2022-04-09 04:43:46,27.1333,72.3667,101.19,9,2,8.32
305,San Quintin,MX,2022-04-09 04:43:46,30.4833,-115.95,67.91,53,70,2.13
306,Pervomayskoye,RU,2022-04-09 04:43:46,43.919,46.7102,57.02,66,87,10.09
307,Komsomolskiy,UZ,2022-04-09 04:43:46,40.4272,71.7189,77.72,27,100,4.61
308,Santander,ES,2022-04-09 04:43:47,43.4647,-3.8044,52.47,85,75,2.3
309,Mashhad,IR,2022-04-09 04:43:47,36.297,59.6062,68.14,42,57,0.0
310,Camocim,BR,2022-04-09 04:41:50,-2.9022,-40.8411,75.45,92,83,8.37
311,Sakakah,SA,2022-04-09 04:43:47,29.9697,40.2064,69.37,22,71,12.06
312,Camapua,BR,2022-04-09 04:43:48,-19.5314,-54.0439,75.16,72,80,6.17
313,Khokhryaki,RU,2022-04-09 04:43:48,56.9156,53.3221,35.31,100,100,6.53
314,Zaysan,KZ,2022-04-09 04:43:48,47.4667,84.8667,52.39,39,3,8.46
315,Srednekolymsk,RU,2022-04-09 04:43:49,67.45,153.6833,0.09,82,72,15.05
316,Woodward,US,2022-04-09 04:43:50,36.4337,-99.3904,47.32,32,0,4.61
317,Inirida,CO,2022-04-09 04:35:29,3.8653,-67.9239,73.42,97,97,2.19
318,Dewa,IN,2022-04-09 04:43:50,27.0333,81.1667,89.6,8,0,7.81
319,Healesville,AU,2022-04-09 04:43:51,-37.65,145.5167,77.52,60,65,4.0
320,Pangody,RU,2022-04-09 04:42:27,65.85,74.4859,1.54,91,92,9.73
321,Yekaterinovka,RU,2022-04-09 04:44:51,52.0508,44.3451,45.46,96,100,7.49
322,Peruibe,BR,2022-04-09 04:44:51,-24.32,-46.9983,70.32,94,100,1.7
323,College,US,2022-04-09 04:44:52,64.8569,-147.8028,14.2,50,100,14.97
324,Ancud,CL,2022-04-09 04:44:52,-41.8697,-73.8203,51.22,86,65,5.79
325,Port-Gentil,GA,2022-04-09 04:44:52,-0.7193,8.7815,80.1,81,100,7.58
326,Mahebourg,MU,2022-04-09 04:35:27,-20.4081,57.7,81.25,88,40,8.05
327,Baghdad,IQ,2022-04-09 04:44:52,33.3406,44.4009,69.71,43,100,23.02
328,Galle,LK,2022-04-09 04:44:53,6.0367,80.217,84.43,67,91,9.26
329,Martapura,ID,2022-04-09 04:44:53,-3.4167,114.85,84.29,79,40,4.61
330,Basoko,CD,2022-04-09 04:44:53,1.2391,23.616,69.35,88,72,2.1
331,Pacific Grove,US,2022-04-09 04:44:54,36.6177,-121.9166,56.55,72,75,10.36
332,Sombor,RS,2022-04-09 04:44:54,45.7742,19.1122,57.11,75,99,10.67
333,Sandwick,GB,2022-04-09 04:44:54,60.0,-1.25,37.22,56,75,19.57
334,Broome,US,2022-04-09 04:44:55,42.2506,-75.833,43.7,79,100,6.91
335,Saint-Pierre,RE,2022-04-09 04:44:55,-21.3393,55.4781,80.91,73,0,17.27
336,Nelson Bay,AU,2022-04-09 04:44:55,-32.7167,152.15,75.25,71,33,14.65
337,Pitimbu,BR,2022-04-09 04:44:55,-7.4706,-34.8086,77.59,82,38,8.95
338,Mehamn,NO,2022-04-09 04:44:56,71.0357,27.8492,33.76,98,100,34.02
339,Kupang,ID,2022-04-09 04:44:56,-10.1667,123.5833,87.08,58,35,7.07
340,Madison,US,2022-04-09 04:40:01,34.7334,-86.5667,43.95,63,100,8.05
341,Praia Da Vitoria,PT,2022-04-09 04:44:56,38.7333,-27.0667,59.76,94,40,24.58
342,San Ramon,US,2022-04-09 04:44:57,37.7799,-121.978,63.95,70,0,8.05
343,Bilibino,RU,2022-04-09 04:44:57,68.0546,166.4372,-1.88,79,13,2.33
344,Hay River,CA,2022-04-09 04:44:57,60.8156,-115.7999,33.78,93,75,11.5
345,Vung Tau,VN,2022-04-09 04:44:57,10.346,107.0843,83.21,68,71,7.31
346,Dickinson,US,2022-04-09 04:44:58,29.4608,-95.0513,66.31,47,0,4.61
347,Praya,CV,2022-04-09 04:44:58,14.9215,-23.5087,75.74,43,0,16.11
348,Ocean City,US,2022-04-09 04:44:58,39.2776,-74.5746,54.01,74,98,6.89
349,Lucea,JM,2022-04-09 04:44:59,18.451,-78.1736,78.66,78,89,3.27
350,Jalpan,MX,2022-04-09 04:44:59,21.2333,-99.4833,58.6,62,85,1.3
351,Katherine,AU,2022-04-09 04:44:59,-14.4667,132.2667,97.12,15,96,12.66
352,Mae Sai,TH,2022-04-09 04:44:59,20.4335,99.8762,93.45,34,4,2.82
353,Severo-Kurilsk,RU,2022-04-09 04:45:00,50.6789,156.125,33.21,76,86,10.87
354,Vadso,NO,2022-04-09 04:45:00,70.0744,29.7487,32.88,100,100,28.77
355,Sinegorye,RU,2022-04-09 04:45:00,62.0788,150.477,19.09,90,99,7.34
356,Yumen,CN,2022-04-09 04:45:01,40.2833,97.2,70.75,10,99,7.25
357,Sioux Lookout,CA,2022-04-09 04:30:46,50.1001,-91.917,30.27,40,0,4.61
358,Barentu,ER,2022-04-09 04:45:01,15.1139,37.5928,81.37,28,0,6.78
359,Nuevo Ideal,MX,2022-04-09 04:45:01,24.8875,-105.0728,57.29,41,71,2.1
360,Ahipara,NZ,2022-04-09 04:45:02,-35.1667,173.1667,67.57,61,2,2.13
361,Saint George,US,2022-04-09 04:45:02,37.1041,-113.5841,72.19,18,0,4.61
362,Capanema,BR,2022-04-09 04:45:02,-1.1958,-47.1808,72.57,98,100,2.37
363,Bukama,CD,2022-04-09 04:45:03,-9.2,25.85,68.38,93,58,2.3
364,Flinders,AU,2022-04-09 04:45:03,-34.5833,150.8552,73.18,85,67,1.99
365,Nadaun,IN,2022-04-09 04:45:03,31.7833,76.35,97.92,11,0,4.32
366,Kirovsk,UA,2022-04-09 04:45:04,48.6375,38.6428,48.06,75,59,11.34
367,Northam,GB,2022-04-09 04:45:04,51.0333,-4.2167,40.39,88,14,9.01
368,General Roca,AR,2022-04-09 04:45:04,-39.0333,-67.5833,58.62,75,81,10.74
369,Kavaratti,IN,2022-04-09 04:42:02,10.5669,72.642,83.68,72,100,8.9
370,Burgos,ES,2022-04-09 04:46:04,42.3394,-3.7079,41.41,93,20,0.0
371,Bertoua,CM,2022-04-09 04:46:05,4.5833,13.6833,68.27,98,100,3.27
372,Shenjiamen,CN,2022-04-09 04:46:05,29.9576,122.298,61.79,80,0,15.86
373,Pisco,PE,2022-04-09 04:44:53,-13.7,-76.2167,66.25,88,0,6.91
374,Uspenka,UA,2022-04-09 04:46:05,48.3903,39.1619,50.2,75,77,13.76
375,Acapulco,MX,2022-04-09 04:41:15,16.8634,-99.8901,77.22,70,41,3.09
376,Airai,TL,2022-04-09 04:46:06,-8.9266,125.4092,76.5,43,42,4.43
377,Kamaishi,JP,2022-04-09 04:46:06,39.2667,141.8833,59.4,47,0,13.89
378,Zhuhai,CN,2022-04-09 04:46:06,22.2769,113.5678,87.85,60,0,4.61
379,Sao Joao Da Barra,BR,2022-04-09 04:46:07,-21.6403,-41.0511,75.29,85,8,7.61
380,Saint-Gabriel,CA,2022-04-09 04:46:07,46.3001,-73.3824,35.6,97,99,1.41
381,Dongkan,CN,2022-04-09 04:46:07,33.9997,119.8308,81.14,34,38,17.43
382,Singaparna,ID,2022-04-09 04:46:07,-7.3515,108.111,84.04,59,99,5.19
383,Aykhal,RU,2022-04-09 04:44:12,66.0,111.5,21.52,82,95,6.85
384,Tuyen Quang,VN,2022-04-09 04:46:08,21.8233,105.2181,85.87,36,0,5.75
385,Vao,NC,2022-04-09 04:46:08,-22.6667,167.4833,77.5,86,34,22.53
386,Sinop,TR,2022-04-09 04:46:08,41.7711,34.8709,49.48,76,82,10.16
387,Kankon,IN,2022-04-09 04:46:09,15.0167,74.0167,85.8,73,100,4.99
388,Saryozek,KZ,2022-04-09 04:41:16,44.3583,77.9753,63.19,39,89,3.87
389,Goure,NE,2022-04-09 04:46:09,13.9835,10.2704,76.06,8,44,5.06
390,Shrewsbury,GB,2022-04-09 04:46:09,52.7101,-2.7521,34.63,89,7,10.36
391,Bako,ET,2022-04-09 04:46:10,5.7833,36.5667,75.02,45,26,2.73
392,Caravelas,BR,2022-04-09 04:46:10,-17.7125,-39.2481,75.56,87,7,2.84
393,Half Moon Bay,US,2022-04-09 04:46:10,37.4636,-122.4286,61.02,67,0,25.32
394,Konstantinovo,BY,2022-04-09 04:46:11,54.6628,29.2699,37.51,93,99,7.45
395,Kant,IN,2022-04-09 04:46:11,27.8,79.8,99.41,7,0,5.68
396,Vila Velha,BR,2022-04-09 04:46:11,-20.3297,-40.2925,75.15,89,40,2.3
397,Jasper,US,2022-04-09 04:46:11,37.2001,-94.3502,41.56,64,0,4.61
398,Hami,CN,2022-04-09 04:46:12,42.8,93.45,71.89,22,99,2.95
399,Mascota,MX,2022-04-09 04:46:12,20.5167,-104.7833,59.31,80,64,2.89
400,Zhanaozen,KZ,2022-04-09 04:41:15,43.3,52.8,54.7,64,67,6.11
401,Chicama,PE,2022-04-09 04:46:12,-7.8447,-79.1469,64.94,78,100,4.79
402,Margate,GB,2022-04-09 04:46:13,51.3813,1.3862,38.7,82,72,4.0
403,Santa Cruz De La Palma,ES,2022-04-09 04:46:13,28.6835,-17.7642,62.74,67,100,12.66
404,Nicoya,CR,2022-04-09 04:46:13,10.1483,-85.452,78.46,74,84,7.63
405,Evensk,RU,2022-04-09 04:46:14,61.95,159.2333,22.01,77,100,5.41
406,Geraldton,AU,2022-04-09 04:46:14,-28.7667,114.6,73.81,40,100,9.22
407,Garoua,CM,2022-04-09 04:46:14,9.3,13.4,84.07,45,80,9.6
408,Jambi,ID,2022-04-09 04:46:15,-1.6,103.6167,86.94,67,90,2.8
409,Nanzhou,CN,2022-04-09 04:46:15,29.3596,112.4024,85.48,28,59,11.27
410,Ilhabela,BR,2022-04-09 04:46:15,-23.7781,-45.3581,72.32,92,98,1.88
411,Haian,CN,2022-04-09 04:46:15,32.5436,120.45,80.47,36,36,12.28
412,Ginir,ET,2022-04-09 04:46:16,7.1333,40.7,66.83,50,90,7.07
413,Naze,JP,2022-04-09 04:46:16,28.3667,129.4833,70.72,63,0,9.98
414,Katsuura,JP,2022-04-09 04:46:16,35.1333,140.3,65.1,65,27,20.27
415,Marawi,PH,2022-04-09 04:41:33,7.9986,124.2928,68.72,98,100,3.02
416,Wuwei,CN,2022-04-09 04:46:17,37.9281,102.6414,75.65,7,1,5.1
417,Hervey Bay,AU,2022-04-09 04:42:32,-25.2986,152.8535,74.01,92,94,5.01
418,Merrill,US,2022-04-09 04:47:17,45.1805,-89.6835,29.59,77,0,4.61
419,Maputo,MZ,2022-04-09 04:47:17,-25.9653,32.5892,67.68,94,100,3.44
420,Udachnyy,RU,2022-04-09 04:47:18,66.4167,112.4,25.45,38,82,6.17
421,Mana,GF,2022-04-09 04:47:18,5.6592,-53.7767,76.55,90,100,8.72
422,Jinchang,CN,2022-04-09 04:47:18,38.4953,102.1739,73.67,7,0,2.28
423,Sept-Iles,CA,2022-04-09 04:47:19,50.2001,-66.3821,31.05,96,100,25.32
424,Samarai,PG,2022-04-09 04:47:19,-10.6167,150.6667,83.12,75,100,20.2
425,Itarema,BR,2022-04-09 04:47:19,-2.9248,-39.9167,76.12,91,90,8.39
426,Bakaly,RU,2022-04-09 04:47:20,55.1789,53.8028,41.67,87,100,8.32
427,Saskylakh,RU,2022-04-09 04:47:20,71.9167,114.0833,12.29,90,72,3.78
428,Kyshtovka,RU,2022-04-09 04:47:20,56.555,76.6271,27.63,75,80,11.45
429,Qaqortoq,GL,2022-04-09 04:47:21,60.7167,-46.0333,23.68,87,10,1.77
430,Panjab,AF,2022-04-09 04:47:21,34.388,67.0233,55.45,20,0,5.91
431,Camargo,MX,2022-04-09 04:47:21,27.6667,-105.1667,66.43,16,97,8.99
432,Laguna,US,2022-04-09 04:47:21,38.421,-121.4238,71.74,57,0,8.05
433,Loandjili,CG,2022-04-09 04:47:22,-4.7561,11.8578,77.11,94,40,0.0
434,Vila,PT,2022-04-09 04:47:22,42.0304,-8.1588,38.28,94,95,3.0
435,Belyy Yar,RU,2022-04-09 04:47:22,53.6039,91.3903,44.49,29,0,22.37
436,Corinto,GR,2022-04-09 04:47:23,37.9407,22.9573,58.05,69,0,4.92
437,San Fernando,PH,2022-04-09 04:47:23,15.0286,120.6898,96.62,33,38,12.88
438,Saint-Joseph,RE,2022-04-09 04:47:23,-21.3667,55.6167,79.21,80,31,11.54
439,Matagami,CA,2022-04-09 04:47:23,49.7502,-77.6328,35.71,93,100,5.75
440,Bang Saphan,TH,2022-04-09 04:47:24,11.2126,99.5117,90.46,41,94,6.8
441,Merke,KZ,2022-04-09 04:47:24,42.8728,73.1786,63.95,55,100,6.46
442,Kushiro,JP,2022-04-09 04:47:24,42.975,144.3747,47.35,66,0,12.66
443,Itoman,JP,2022-04-09 04:47:25,26.1247,127.6694,75.58,61,20,13.8
444,Quelimane,MZ,2022-04-09 04:47:25,-17.8786,36.8883,73.35,88,40,3.44
445,Careiro Da Varzea,BR,2022-04-09 04:47:25,-3.2003,-59.8119,75.81,97,99,4.07
446,Los Llanos De Aridane,ES,2022-04-09 04:47:25,28.6585,-17.9182,58.75,88,100,12.66
447,Maniitsoq,GL,2022-04-09 04:47:26,65.4167,-52.9,11.16,88,34,8.99
448,Pavino,RU,2022-04-09 04:47:26,59.1139,46.1414,38.82,94,100,10.54
449,Siilinjarvi,FI,2022-04-09 04:47:26,63.0833,27.6667,32.02,93,40,10.36
450,Xifeng,CN,2022-04-09 04:47:27,42.7372,124.7222,68.43,19,24,6.06
451,Murgud,IN,2022-04-09 04:47:27,16.4,74.2,90.79,38,86,7.29
452,Waingapu,ID,2022-04-09 04:47:27,-9.6567,120.2641,86.05,66,76,6.73
453,Xichang,CN,2022-04-09 04:47:28,27.8964,102.2634,71.82,50,91,1.72
454,Abohar,IN,2022-04-09 04:47:28,30.15,74.1833,104.41,5,0,8.23
455,Portland,US,2022-04-09 04:43:10,45.5234,-122.6762,48.61,72,75,9.22
456,Dawlatabad,AF,2022-04-09 04:47:28,36.4141,64.9053,82.42,16,9,0.69
457,Key Largo,US,2022-04-09 04:42:53,25.0865,-80.4473,70.99,67,23,18.23
458,Mnogovershinnyy,RU,2022-04-09 04:47:29,53.9353,139.9242,24.91,84,98,3.69
459,Mahon,ES,2022-04-09 04:47:29,39.8885,4.2658,55.96,82,20,5.75
460,Nizhnyaya Tavda,RU,2022-04-09 04:47:29,57.6731,66.1725,37.63,88,59,5.08
461,Rio Gallegos,AR,2022-04-09 04:47:29,-51.6226,-69.2181,46.45,100,75,3.44
462,Parana,AR,2022-04-09 04:46:30,-31.732,-60.5238,66.54,98,0,6.42
463,Gizo,SB,2022-04-09 04:47:30,-8.103,156.8419,84.54,70,100,4.97
464,Cuiaba,BR,2022-04-09 04:46:03,-15.5961,-56.0967,76.93,88,0,3.44
465,Mogadishu,SO,2022-04-09 04:47:30,2.0371,45.3438,82.27,78,75,11.5
466,Bien Hoa,VN,2022-04-09 04:48:30,10.95,106.8167,89.58,39,63,3.69
467,Pontianak,ID,2022-04-09 04:44:04,-0.0333,109.3333,76.98,94,75,5.75
468,Priargunsk,RU,2022-04-09 04:48:31,50.3691,119.1012,51.75,21,86,6.89
469,Auki,SB,2022-04-09 04:48:31,-8.7676,160.7034,85.42,64,80,1.01
470,Ozinki,RU,2022-04-09 04:48:31,51.1786,49.6769,46.78,96,100,13.47
471,Atar,MR,2022-04-09 04:48:32,20.5169,-13.0499,68.56,15,0,8.61
472,Salinopolis,BR,2022-04-09 04:48:32,-0.6136,-47.3561,76.12,93,99,6.71
473,Aran,AZ,2022-04-09 04:48:32,40.6253,46.9756,58.55,72,100,14.97
474,Kabwe,ZM,2022-04-09 04:48:33,-14.4469,28.4464,63.09,96,94,7.52
475,Westport,US,2022-04-09 04:48:33,41.1415,-73.3579,52.29,84,0,4.61
476,Hofn,IS,2022-04-09 04:48:33,64.2539,-15.2082,29.01,52,91,8.03
477,Merauke,ID,2022-04-09 04:48:34,-8.4667,140.3333,86.68,66,66,14.36
478,Mae Sot,TH,2022-04-09 04:48:34,16.7167,98.5667,87.75,48,20,4.61
479,Walvis Bay,NA,2022-04-09 04:48:34,-22.9575,14.5053,49.15,100,0,3.44
480,Visnes,NO,2022-04-09 04:48:34,59.3556,5.2242,37.81,87,75,14.97
481,Lekoni,GA,2022-04-09 04:48:35,-1.5843,14.2591,71.38,91,100,6.98
482,Bouna,CI,2022-04-09 04:48:35,9.2667,-3.0,77.95,76,100,7.85
483,Shanhetun,CN,2022-04-09 04:48:35,44.7,127.2,64.96,17,46,11.97
484,Petropavl,KZ,2022-04-09 04:48:36,54.8753,69.1628,40.98,45,0,2.24
485,Valparaiso,CL,2022-04-09 04:43:54,-33.0393,-71.6273,57.47,85,100,0.0
486,Jacqueville,CI,2022-04-09 04:48:36,5.2052,-4.4146,80.98,86,100,8.9
487,Maarianhamina,AX,2022-04-09 04:48:36,60.0973,19.9348,28.26,80,20,13.8
488,Taveta,KE,2022-04-09 04:48:36,-3.3963,37.6736,73.09,71,70,5.82
489,Tecoanapa,MX,2022-04-09 04:48:37,16.5167,-98.75,78.19,75,8,4.5
490,Malindi,KE,2022-04-09 04:48:37,-3.2175,40.1191,82.56,74,40,0.0
491,Sola,VU,2022-04-09 04:48:37,-13.8833,167.55,82.98,75,74,15.61
492,Haapiti,PF,2022-04-09 04:48:38,-17.5667,-149.8667,83.93,73,100,18.03
493,Uozu,JP,2022-04-09 04:48:38,36.8,137.4,77.61,37,0,11.95
494,Sao Jose Da Coroa Grande,BR,2022-04-09 04:48:38,-8.8978,-35.1478,78.42,85,43,2.77
495,Wonthaggi,AU,2022-04-09 04:48:39,-38.6044,145.5913,73.81,73,49,3.74
496,Hue,VN,2022-04-09 04:48:39,16.4667,107.6,82.51,51,20,5.75
497,Harper,LR,2022-04-09 04:48:39,4.375,-7.7169,80.13,83,100,4.63
498,Kenora,CA,2022-04-09 04:48:39,49.8167,-94.4337,34.77,40,0,6.91
499,Beringovskiy,RU,2022-04-09 04:48:40,63.05,179.3167,13.06,85,100,2.28
500,Rantauprapat,ID,2022-04-09 04:48:40,2.1,99.8333,83.66,69,99,1.34
501,Zwedru,LR,2022-04-09 04:48:40,6.0667,-8.1281,73.99,98,100,1.81
502,Nianzishan,CN,2022-04-09 04:48:41,47.5167,122.8833,60.73,16,84,7.96
503,Kieta,PG,2022-04-09 04:48:41,-6.2167,155.6333,83.95,70,100,5.57
504,Sao Felix Do Xingu,BR,2022-04-09 04:48:41,-6.6447,-51.995,70.77,99,82,0.83
505,Kaniama,CD,2022-04-09 04:48:41,-7.5667,24.1833,66.61,96,88,1.57
506,Leh,IN,2022-04-09 04:48:42,34.1667,77.5833,38.3,50,2,1.23
507,San-Pedro,CI,2022-04-09 04:48:42,4.7485,-6.6363,78.39,91,100,4.32
508,Ismailia,EG,2022-04-09 04:44:06,30.6043,32.2723,59.99,77,0,4.99
509,Goianesia,BR,2022-04-09 04:48:42,-15.3175,-49.1175,69.8,87,21,2.06
510,Yondo,CO,2022-04-09 04:48:43,7.0062,-73.9097,74.84,99,100,1.68
511,Visby,SE,2022-04-09 04:48:43,57.6409,18.296,35.82,80,100,17.27
512,Taltal,CL,2022-04-09 04:48:43,-25.4,-70.4833,62.78,75,2,0.47
513,Baracoa,CU,2022-04-09 04:48:44,20.3467,-74.4958,75.16,86,11,2.44
514,Constitucion,CL,2022-04-09 04:48:09,-35.3333,-72.4167,51.75,90,13,6.13
515,Borogontsy,RU,2022-04-09 04:49:44,62.6683,131.1683,30.81,82,62,5.14
516,Mildura,AU,2022-04-09 04:49:44,-34.2,142.15,83.07,38,30,6.91
517,Lenger,KZ,2022-04-09 04:49:44,42.183,69.8839,60.24,61,100,8.57
518,Nicolas Bravo,MX,2022-04-09 04:49:45,18.45,-88.9167,69.21,81,99,3.85
519,Ardahan,TR,2022-04-09 04:49:45,41.1087,42.7022,35.44,97,100,4.54
520,Hovd,MN,2022-04-09 04:49:45,48.0056,91.6419,51.85,21,0,1.45
521,Save,BJ,2022-04-09 04:49:46,8.0425,2.486,77.22,86,98,4.94
522,Viedma,AR,2022-04-09 04:45:26,-40.8135,-62.9967,56.68,96,54,7.05
523,Nishihara,JP,2022-04-09 04:49:46,26.1842,127.7558,74.86,62,40,13.8
524,Ormara,PK,2022-04-09 04:49:46,25.2088,64.6357,81.36,73,32,8.48
525,La Reforma,MX,2022-04-09 04:49:47,25.0833,-108.05,67.87,76,63,6.4
526,Churapcha,RU,2022-04-09 04:49:47,62.0025,132.4325,29.59,82,39,3.11
527,Arkhipovka,RU,2022-04-09 04:49:47,56.6629,41.2543,42.69,95,100,9.33
528,Bandarbeyla,SO,2022-04-09 04:49:47,9.4942,50.8122,81.57,74,86,4.59
529,Ust-Maya,RU,2022-04-09 04:49:48,60.4167,134.5333,30.06,70,13,3.31
530,Faya,SA,2022-04-09 04:49:48,18.3851,42.4509,59.11,24,0,2.48
531,Maneadero,MX,2022-04-09 04:49:48,31.7167,-116.5667,69.1,47,60,0.34
532,Flin Flon,CA,2022-04-09 04:49:49,54.7682,-101.865,32.14,77,100,14.18
533,Davila,PH,2022-04-09 04:49:49,18.4726,120.5763,85.98,73,34,23.47
534,Xingyi,CN,2022-04-09 04:49:49,24.1877,102.817,70.54,42,32,10.0
535,Vestmannaeyjar,IS,2022-04-09 04:49:50,63.4427,-20.2734,35.96,77,100,17.25
536,Obo,CF,2022-04-09 04:49:50,5.3998,26.4869,74.34,67,90,3.85
537,Svetlogorsk,BY,2022-04-09 04:49:50,52.6333,29.7333,41.05,89,97,8.88
538,Bera,BD,2022-04-09 04:49:50,24.0833,89.6167,93.47,40,8,10.54
539,Traverse City,US,2022-04-09 04:47:20,44.7631,-85.6206,30.72,89,100,6.91
540,Alice Springs,AU,2022-04-09 04:47:32,-23.7,133.8833,85.55,13,0,4.61
541,Lehigh Acres,US,2022-04-09 04:49:51,26.6254,-81.6248,69.78,67,0,5.75
542,Kuragino,RU,2022-04-09 04:49:51,53.8975,92.6725,41.77,44,75,18.84
543,Ambovombe,MG,2022-04-09 04:49:51,-25.1667,46.0833,77.02,76,8,13.71
544,Necochea,AR,2022-04-09 04:49:52,-38.5473,-58.7368,58.48,93,6,8.46
545,Ziduri,RO,2022-04-09 04:49:52,45.3,27.0833,56.46,66,73,9.26
546,Paita,PE,2022-04-09 04:49:52,-5.0892,-81.1144,71.64,77,75,9.89
547,Marrakesh,MA,2022-04-09 04:49:53,31.6315,-8.0083,57.27,82,0,2.3
548,Paraiso,CR,2022-04-09 04:49:53,9.8383,-83.8656,67.87,100,82,3.47
549,Ylojarvi,FI,2022-04-09 04:49:53,61.5563,23.5961,31.62,93,100,11.5
550,Sergeyevka,KZ,2022-04-09 04:49:53,53.88,67.4158,40.46,61,64,3.31
551,Nyurba,RU,2022-04-09 04:49:54,63.2842,118.3319,29.34,80,99,6.62
552,Mananjary,MG,2022-04-09 04:49:54,-21.2167,48.3333,77.04,74,91,3.98
553,Amga,RU,2022-04-09 04:49:54,60.8953,131.9608,31.55,66,26,4.63
554,Lexington,US,2022-04-09 04:48:18,37.9887,-84.4777,38.52,83,100,8.05
555,Aklavik,CA,2022-04-09 04:49:55,68.2191,-135.0107,5.58,84,98,23.15
556,Oranjemund,NA,2022-04-09 04:49:55,-28.55,16.4333,65.79,45,0,7.43
557,Zheleznodorozhnyy,RU,2022-04-09 04:49:55,55.7503,38.0042,41.61,89,98,6.69
558,Thinadhoo,MV,2022-04-09 04:49:56,0.5333,72.9333,83.71,66,43,8.12
559,Sivaki,RU,2022-04-09 04:49:56,52.6333,126.75,43.34,51,99,9.84
560,Sidi Ali,DZ,2022-04-09 04:50:56,36.0998,0.4206,53.92,56,96,5.21
561,Mont-Dore,NC,2022-04-09 04:50:57,-22.2833,166.5833,84.99,99,80,13.11
562,Neiafu,TO,2022-04-09 04:50:57,-18.65,-173.9833,84.88,79,40,8.05
563,Polson,US,2022-04-09 04:50:57,47.6936,-114.1632,45.21,55,100,14.61
564,Syava,RU,2022-04-09 04:50:57,58.0146,46.3222,42.4,87,97,10.92
565,Tohana,IN,2022-04-09 04:50:58,29.7,75.9,103.35,5,0,6.6
566,Minsk,BY,2022-04-09 04:50:58,53.9,27.5667,37.15,90,100,8.1
567,Tromso,NO,2022-04-09 04:50:58,69.6496,18.957,32.38,86,40,16.11
568,Otavi,NA,2022-04-09 04:50:59,-19.65,17.3333,65.59,50,19,5.46
569,Lahad Datu,MY,2022-04-09 04:50:59,5.0268,118.327,87.51,59,98,4.85
570,Melfi,IT,2022-04-09 04:50:59,40.9965,15.6514,44.89,93,88,8.84
571,Tinde,TZ,2022-04-09 04:50:59,-3.8833,33.2,65.73,69,24,5.7
572,Verkhoyansk,RU,2022-04-09 04:51:00,67.5447,133.385,23.25,76,100,4.92
573,Newtownards,GB,2022-04-09 04:51:00,54.5924,-5.6909,36.52,84,71,5.75
574,Kaeo,NZ,2022-04-09 04:51:00,-35.1,173.7833,68.32,71,3,9.24
575,Mongoumba,CF,2022-04-09 04:51:01,3.6415,18.5936,71.28,78,100,3.24
576,Santa Isabel Do Rio Negro,BR,2022-04-09 04:51:01,-0.4139,-65.0192,73.87,99,100,4.21
577,Santa Fe,AR,2022-04-09 04:46:49,-31.6333,-60.7,67.01,95,0,5.64
578,Pasni,PK,2022-04-09 04:51:01,25.2631,63.471,81.68,69,97,4.72
579,Cambridge,CA,2022-04-09 04:47:01,43.3601,-80.3127,36.97,95,100,3.44
580,San Luis,AR,2022-04-09 04:48:03,-33.295,-66.3356,66.06,50,7,12.08
581,Rasshevatskaya,RU,2022-04-09 04:51:02,45.5748,41.035,50.05,81,66,19.26
582,Soubre,CI,2022-04-09 04:51:02,5.7856,-6.6083,74.57,97,100,1.83
583,Tierralta,CO,2022-04-09 04:51:02,8.1736,-76.0592,75.79,94,100,4.97
584,Juneau,US,2022-04-09 04:48:52,58.3019,-134.4197,37.4,100,75,3.44
585,Porto Santo,PT,2022-04-09 04:51:03,33.072,-16.3415,53.98,82,20,3.44
586,Tomatlan,MX,2022-04-09 04:51:03,19.9333,-105.25,67.15,92,89,1.7
587,Makokou,GA,2022-04-09 04:51:03,0.5738,12.8642,68.2,99,100,1.14
588,Batticaloa,LK,2022-04-09 04:51:04,7.7102,81.6924,84.29,67,73,5.21
589,Nuuk,GL,2022-04-09 04:51:04,64.1835,-51.7216,12.97,93,66,2.71
590,Alofi,NU,2022-04-09 04:50:34,-19.0595,-169.9187,84.09,74,14,6.91
591,Muroto,JP,2022-04-09 04:51:04,33.2833,134.15,64.56,65,0,7.09
592,Sao Borja,BR,2022-04-09 04:51:05,-28.6606,-56.0044,63.95,94,21,5.64
593,Batamshinskiy,KZ,2022-04-09 04:51:05,50.5594,58.2747,45.82,71,100,20.07
594,Riverton,US,2022-04-09 04:48:22,40.5219,-111.9391,65.44,28,0,14.97
595,Vrangel,RU,2022-04-09 04:51:05,42.7297,133.0839,48.7,76,69,7.45
596,Tulum,MX,2022-04-09 04:46:07,20.2167,-87.4667,68.0,80,91,5.55
597,Kyra,RU,2022-04-09 04:51:06,49.5776,111.9753,51.49,33,100,5.19
598,Mareeba,AU,2022-04-09 04:51:06,-17.0,145.4333,85.48,71,74,2.44
599,Hutchinson,US,2022-04-09 04:48:41,38.0608,-97.9298,35.04,54,0,0.0
600,Mahmudabad,IN,2022-04-09 04:51:06,27.3,81.1167,99.07,9,0,8.97
601,Manokwari,ID,2022-04-09 04:51:07,-0.8667,134.0833,82.0,77,100,2.06
602,Povenets,RU,2022-04-09 04:51:07,62.8487,34.8262,35.47,99,100,10.29
603,Mayumba,GA,2022-04-09 04:51:07,-3.432,10.6554,77.56,90,100,5.73
604,Tezpur,IN,2022-04-09 04:51:08,26.6333,92.8,80.47,53,79,10.76
605,Foumbot,CM,2022-04-09 04:51:08,5.5079,10.6356,66.56,96,100,2.08
606,Gandia,ES,2022-04-09 04:51:08,38.9667,-0.1833,64.58,62,76,3.0
607,Kahului,US,2022-04-09 04:52:09,20.8947,-156.47,77.02,65,75,16.11
608,Kumluca,TR,2022-04-09 04:52:09,36.3703,30.2869,66.36,51,0,1.7
609,Barceloneta,PR,2022-04-09 04:52:09,18.4505,-66.5385,74.43,92,39,8.99
610,Panaba,MX,2022-04-09 04:52:09,21.2833,-88.2667,68.99,55,65,10.16
611,Korla,CN,2022-04-09 04:52:10,41.7597,86.1469,78.28,11,37,8.01
612,Port Macquarie,AU,2022-04-09 04:52:10,-31.4333,152.9167,72.9,80,77,9.15
613,Gusino,RU,2022-04-09 04:52:10,54.7244,31.368,37.63,93,85,6.46
614,Kurilsk,RU,2022-04-09 04:52:11,45.2333,147.8833,38.97,73,99,12.68
615,Charters Towers,AU,2022-04-09 04:52:11,-20.1,146.2667,84.72,51,86,11.21
616,Tiarei,PF,2022-04-09 04:52:11,-17.5333,-149.3333,84.22,72,95,19.71
617,Lazarev,RU,2022-04-09 04:52:12,52.225,141.5131,28.44,82,84,7.65
618,Tolyatti,RU,2022-04-09 04:51:33,53.5303,49.3461,42.15,80,100,10.25
619,Cabinda,AO,2022-04-09 04:52:12,-5.55,12.2,78.42,88,100,3.91
620,Plattsburgh,US,2022-04-09 04:52:12,44.6995,-73.4529,39.96,88,100,0.0
621,Bereda,ES,2022-04-09 04:52:13,43.2686,-7.5406,42.58,100,84,1.74
622,Villa Maria,AR,2022-04-09 04:52:13,-32.4075,-63.2402,63.95,88,0,7.81
623,Tres Lagoas,BR,2022-04-09 04:52:13,-20.7511,-51.6783,70.77,93,77,2.35
624,Uralets,RU,2022-04-09 04:52:13,57.6614,59.6497,37.27,97,100,2.37
625,Baikunthpur,IN,2022-04-09 04:52:14,23.25,82.55,100.13,6,0,8.81
626,Emba,KZ,2022-04-09 04:52:14,48.8264,58.1442,50.54,57,100,26.82
627,Port Shepstone,ZA,2022-04-09 04:52:14,-30.7414,30.455,64.87,84,100,3.69
628,Vardo,NO,2022-04-09 04:52:15,70.3705,31.1107,33.96,98,100,32.37
629,Atasu,KZ,2022-04-09 04:52:15,48.6814,71.6433,49.35,57,91,10.83
630,Saint-Leu,RE,2022-04-09 04:52:15,-21.15,55.2833,81.43,77,6,8.43
631,Sinnamary,GF,2022-04-09 04:52:16,5.3833,-52.95,76.62,89,99,9.46
632,Mount Isa,AU,2022-04-09 04:52:16,-20.7333,139.5,96.57,14,6,8.05
633,Davidson,US,2022-04-09 04:52:16,36.1501,-86.7833,43.09,66,100,6.91
634,Kojnare,BG,2022-04-09 04:52:16,43.35,24.1333,46.51,64,23,5.84
635,Longhua,CN,2022-04-09 04:52:17,23.6137,114.1919,87.62,31,0,1.86
636,Namibe,AO,2022-04-09 04:52:17,-15.1961,12.1522,69.12,82,3,3.6
637,Kuruman,ZA,2022-04-09 04:52:17,-27.4524,23.4325,52.99,82,79,12.06
638,Road Town,VG,2022-04-09 04:52:18,18.4167,-64.6167,75.99,73,93,20.54
639,Yuanli,TW,2022-04-09 04:52:18,24.4397,120.6535,81.86,65,40,8.05
640,Meadow Lake,US,2022-04-09 04:52:18,34.8014,-106.5436,58.12,12,0,7.56
641,Ola,RU,2022-04-09 04:52:19,59.5833,151.2833,32.14,78,84,6.46
642,Quzhou,CN,2022-04-09 04:52:19,28.9594,118.8686,78.6,41,0,1.16
643,West Wendover,US,2022-04-09 04:48:20,40.7391,-114.0733,69.01,11,0,9.22
644,Boa Vista,BR,2022-04-09 04:52:19,2.8197,-60.6733,80.58,65,75,12.66
645,Kuytun,RU,2022-04-09 04:52:19,54.3419,101.5036,36.3,93,100,10.36
646,Goderich,CA,2022-04-09 04:51:53,43.7501,-81.7165,35.92,93,100,8.05
647,Villarrica,PY,2022-04-09 04:52:20,-25.75,-56.4333,66.04,95,36,2.53
648,Champerico,GT,2022-04-09 04:52:20,14.3,-91.9167,83.73,65,95,0.04
649,Berdigestyakh,RU,2022-04-09 04:52:20,62.0989,126.6992,30.45,75,34,4.34
650,Saulkrasti,LV,2022-04-09 04:52:21,57.2622,24.4147,34.79,83,53,15.17
651,Bermejo,AR,2022-04-09 04:52:21,-32.8833,-68.8,67.91,68,0,3.44
652,Port Hueneme,US,2022-04-09 04:52:22,34.1478,-119.1951,77.79,73,0,5.75
653,Los Chiles,CR,2022-04-09 04:52:22,11.0333,-84.7167,73.02,95,86,4.05
654,Areosa,PT,2022-04-09 04:53:22,41.7178,-8.8571,51.01,90,97,5.68
655,Etchoropo,MX,2022-04-09 04:53:23,26.7667,-109.6667,74.41,67,52,8.34
656,Dauphin,CA,2022-04-09 04:53:23,51.1494,-100.0502,35.74,64,0,8.05
657,Dhidhdhoo,MV,2022-04-09 04:53:23,6.8833,73.1,83.52,70,100,7.45
658,Petropavlovka,RU,2022-04-09 04:53:24,50.6114,105.3196,39.61,77,100,11.54
659,Kendari,ID,2022-04-09 04:53:24,-3.945,122.4989,90.54,50,84,5.66
660,Antalaha,MG,2022-04-09 04:53:24,-14.9003,50.2788,78.53,78,35,5.66
661,Mangaldai,IN,2022-04-09 04:53:25,26.4333,92.0333,82.31,50,84,13.04
662,Palmas Bellas,PA,2022-04-09 04:53:25,9.2319,-80.0867,80.26,91,100,4.34
663,Yarada,IN,2022-04-09 04:53:25,17.65,83.2667,89.92,62,40,5.75
664,Provost,CA,2022-04-09 04:52:24,52.3501,-110.2683,54.05,58,98,15.39
665,Sovetskiy,RU,2022-04-09 04:53:26,61.3614,63.5842,30.96,90,99,5.61
666,Piacabucu,BR,2022-04-09 04:49:47,-10.4056,-36.4344,77.02,87,14,4.09
667,Manzanillo,CU,2022-04-09 04:53:26,20.3433,-77.1167,78.08,75,97,1.45
668,Guilin,CN,2022-04-09 04:53:26,25.2819,110.2864,80.71,36,8,5.53
669,Tairua,NZ,2022-04-09 04:53:27,-37.0167,175.85,65.53,66,1,10.38
670,Kandrian,PG,2022-04-09 04:53:27,-6.2167,149.55,77.16,93,100,7.49
671,Turayf,SA,2022-04-09 04:53:27,31.6725,38.6637,50.25,87,0,11.5
672,Dzhankoy,UA,2022-04-09 04:53:28,45.7167,34.4,52.88,70,74,7.02
673,Drayton Valley,CA,2022-04-09 04:49:53,53.2168,-114.9854,43.0,44,81,15.17
674,Khartoum,SD,2022-04-09 04:51:41,15.5518,32.5324,88.02,30,2,7.74
675,Sisophon,KH,2022-04-09 04:53:28,13.5859,102.9737,94.57,27,17,7.52
676,Yerbogachen,RU,2022-04-09 04:53:28,61.2767,108.0108,28.98,91,100,5.1
677,Asekeyevo,RU,2022-04-09 04:53:29,53.5742,52.7972,44.28,72,100,14.14
678,Katete,UG,2022-04-09 04:53:29,-0.7818,29.7544,64.51,71,100,2.26
679,Bogale,MM,2022-04-09 04:53:29,16.2833,95.4,96.17,38,7,3.47
680,Cam Ranh,VN,2022-04-09 04:53:30,11.9214,109.1591,84.16,51,0,12.66
681,Sora,IT,2022-04-09 04:53:30,41.7157,13.6141,55.13,95,92,3.58
682,Japura,ID,2022-04-09 04:53:30,-0.3167,102.35,86.97,62,100,4.81
683,Mackay,AU,2022-04-09 04:53:31,-21.15,149.2,80.58,78,75,17.27
684,Anchorage,US,2022-04-09 04:48:35,61.2181,-149.9003,35.53,65,100,5.75
685,Veraval,IN,2022-04-09 04:51:45,20.9,70.3667,90.57,42,3,12.28
686,Yulara,AU,2022-04-09 04:53:31,-25.2406,130.9889,85.84,13,0,4.61
687,Tezu,IN,2022-04-09 04:53:31,27.9167,96.1667,75.67,65,100,1.14
688,Cerrito,CO,2022-04-09 04:53:32,6.8432,-72.694,53.64,89,98,4.29
689,Omboue,GA,2022-04-09 04:53:32,-1.5746,9.2618,77.61,89,100,5.53
690,Aksarka,RU,2022-04-09 04:53:32,66.5606,67.7975,6.06,92,98,3.96
691,Biltine,TD,2022-04-09 04:53:33,14.5333,20.9167,81.57,10,6,11.52
692,Terrace Bay,CA,2022-04-09 04:53:33,48.7834,-87.1,26.13,83,99,13.33
693,Eregli,TR,2022-04-09 04:53:33,37.5133,34.0467,50.25,58,1,2.15
694,Kisangani,CD,2022-04-09 04:53:33,0.5167,25.2,69.76,88,83,0.34
695,Nanakuli,US,2022-04-09 04:53:34,21.3906,-158.1547,76.37,64,100,6.91
696,Bose,IT,2022-04-09 04:53:34,45.4612,8.0137,54.99,51,14,7.58
697,Xiongzhou,CN,2022-04-09 04:53:34,25.1167,114.3,84.43,31,0,2.39
698,Yokadouma,CM,2022-04-09 04:54:35,3.5167,15.05,67.48,99,100,2.13
